,Calcium,Folate,Iodine,Iron,Magnesium,Omega-3,Potassium,Vitamin A,Vitamin B12,Vitamin B6,Vitamin C,Vitamin D,Vitamin E,Vitamin K,Zinc
Calcium,8,0,0,0,0,0,0,0,0,0,0,0,0,0,0
Folate,0,8,0,0,0,0,0,0,0,0,0,0,0,0,0
Iodine,0,0,8,0,0,0,0,0,0,0,0,0,0,0,0
Iron,0,0,0,8,0,0,0,0,0,0,0,0,0,0,0
Magnesium,0,0,0,0,7,0,1,0,0,0,0,0,0,0,0
Omega-3,0,0,0,0,0,7,0,0,0,0,0,0,0,0,0
Potassium,0,0,0,0,0,0,7,0,1,0,0,0,0,0,0
Vitamin A,0,0,0,0,0,0,0,8,0,0,0,0,0,0,0
Vitamin B12,0,0,0,0,0,0,1,0,7,0,0,0,0,0,0
Vitamin B6,0,0,0,0,1,0,0,0,0,6,0,0,0,0,0
Vitamin C,0,0,0,0,0,0,0,0,0,0,7,0,0,0,0
Vitamin D,0,0,0,0,0,0,0,0,0,0,0,8,0,0,0
Vitamin E,0,0,0,0,0,0,0,0,0,0,0,0,8,0,0
Vitamin K,0,0,0,0,0,0,1,0,0,0,1,0,0,6,0
Zinc,0,0,0,0,0,0,0,0,0,0,0,0,0,0,7
