,importance
poor_sleep,0.039869319529741355
weakness,0.038033715614614834
depression,0.037033372449389826
tingling_numbness,0.036094584200791785
frequent_infections,0.034296205561551475
dry_skin,0.03417770379433572
difficulty_concentrating,0.033154390912453834
mood_changes,0.03295482943256891
brittle_nails,0.03292508131241194
bone_pain,0.03244677038253066
fatigue,0.03214535709369437
muscle_weakness,0.03193677395293618
memory_problems,0.03174261174289355
bleeding_gums,0.03035620405016692
joint_pain,0.02787167366035902
dry_eyes,0.026463461862350345
hair_loss,0.025902232139280165
anxiety,0.025399132361261532
skin_rash,0.02521149052461633
cold_hands_feet,0.02491816321998589
tongue_soreness,0.024710746482371263
constipation,0.024706867506539665
pale_skin,0.02434258040433538
slow_wound_healing,0.024149664579919385
muscle_cramps,0.023850516779076094
headache,0.02217063381936252
easy_bruising,0.020827157011455127
night_blindness,0.020448967042613894
irregular_heartbeat,0.01922883735716497
vision_problems,0.018969218817165297
mouth_ulcers,0.018767824310521184
tooth_problems,0.017906638356064295
poor_appetite,0.01679780146297517
loss_of_taste_smell,0.016140850236971285
weight_gain,0.015405789546248029
goiter_neck_swelling,0.015004881775651091
brittle_bones,0.014427024283756786
shortness_of_breath,0.012288244596929863
cracked_lips,0.010172466619464577
dizziness,0.006750215213479584
